https://auto.ru/cars/honda/used/?year_from=2013&year_to=2018,20
https://auto.ru/cars/skoda/used/?year_from=2013&year_to=2018,87
https://auto.ru/cars/audi/used/?year_from=2013&year_to=2018,59
https://auto.ru/cars/nissan/used/?year_from=2013&year_to=2018,101
https://auto.ru/cars/volvo/used/?year_from=2013&year_to=2018,14
https://auto.ru/cars/bmw/used/?year_from=2013&year_to=2018,102
https://auto.ru/cars/infiniti/used/?year_from=2013&year_to=2018,14
https://auto.ru/cars/mercedes/used/?year_from=2013&year_to=2018,109
https://auto.ru/cars/toyota/used/?year_from=2013&year_to=2018,112
https://auto.ru/cars/lexus/used/?year_from=2013&year_to=2018,23
https://auto.ru/cars/volkswagen/used/?year_from=2013&year_to=2018,132
https://auto.ru/cars/mitsubishi/used/?year_from=2013&year_to=2018,35
